Product Name,SKU,Amount,In Development,Broadcast
5,5,5,Yes,Yes
10,10,10,Yes,Yes
15,15,15,Yes,Yes
20,20,20,Yes,Yes
25,25,25,Yes,Yes
30,30,30,Yes,Yes
35,35,35,Yes,Yes
40,40,40,Yes,Yes
45,45,45,Yes,Yes
50,50,50,Yes,Yes
55,55,55,Yes,Yes
60,60,60,Yes,Yes
65,65,65,Yes,Yes
70,70,70,Yes,Yes
75,75,75,Yes,Yes
80,80,80,Yes,Yes
85,85,85,Yes,Yes
90,90,90,Yes,Yes
95,95,95,Yes,Yes
100,100,100,Yes,Yes
150,150,150,Yes,Yes
200,200,200,Yes,Yes
250,250,250,Yes,Yes
300,300,300,Yes,Yes
350,350,350,Yes,Yes
400,400,400,Yes,Yes
450,450,450,Yes,Yes
500,500,500,Yes,Yes
550,550,550,Yes,Yes
600,600,600,Yes,Yes
650,650,650,Yes,Yes
700,700,700,Yes,Yes
750,750,750,Yes,Yes
800,800,800,Yes,Yes
850,850,850,Yes,Yes
900,900,900,Yes,Yes
950,950,950,Yes,Yes
1000,1000,1000,Yes,Yes
1500,1500,1500,Yes,Yes
2000,2000,2000,Yes,Yes
2500,2500,2500,Yes,Yes
3000,3000,3000,Yes,Yes
3500,3500,3500,Yes,Yes
4000,4000,4000,Yes,Yes
4500,4500,4500,Yes,Yes
5000,5000,5000,Yes,Yes
5500,5500,5500,Yes,Yes
6000,6000,6000,Yes,Yes
6500,6500,6500,Yes,Yes
7000,7000,7000,Yes,Yes
7500,7500,7500,Yes,Yes
8000,8000,8000,Yes,Yes
8500,8500,8500,Yes,Yes
9000,9000,9000,Yes,Yes
9500,9500,9500,Yes,Yes
10000,10000,10000,Yes,Yes
10500,10500,10500,Yes,Yes
11000,11000,11000,Yes,Yes
11500,11500,11500,Yes,Yes
12000,12000,12000,Yes,Yes
12500,12500,12500,Yes,Yes
13000,13000,13000,Yes,Yes
13500,13500,13500,Yes,Yes
14000,14000,14000,Yes,Yes
14500,14500,14500,Yes,Yes
15000,15000,15000,Yes,Yes
15500,15500,15500,Yes,Yes
16000,16000,16000,Yes,Yes
16500,16500,16500,Yes,Yes
17000,17000,17000,Yes,Yes
17500,17500,17500,Yes,Yes
18000,18000,18000,Yes,Yes
18500,18500,18500,Yes,Yes
19000,19000,19000,Yes,Yes
19500,19500,19500,Yes,Yes
20000,20000,20000,Yes,Yes
20500,20500,20500,Yes,Yes
21000,21000,21000,Yes,Yes
21500,21500,21500,Yes,Yes
22000,22000,22000,Yes,Yes
22500,22500,22500,Yes,Yes
23000,23000,23000,Yes,Yes
23500,23500,23500,Yes,Yes
24000,24000,24000,Yes,Yes
24500,24500,24500,Yes,Yes
25000,25000,25000,Yes,Yes
25500,25500,25500,Yes,Yes
26000,26000,26000,Yes,Yes
26500,26500,26500,Yes,Yes
27000,27000,27000,Yes,Yes
27500,27500,27500,Yes,Yes
28000,28000,28000,Yes,Yes
28500,28500,28500,Yes,Yes
29000,29000,29000,Yes,Yes
29500,29500,29500,Yes,Yes
30000,30000,30000,Yes,Yes
30500,30500,30500,Yes,Yes
31000,31000,31000,Yes,Yes
31500,31500,31500,Yes,Yes
32000,32000,32000,Yes,Yes
32500,32500,32500,Yes,Yes
33000,33000,33000,Yes,Yes
33500,33500,33500,Yes,Yes
34000,34000,34000,Yes,Yes
34500,34500,34500,Yes,Yes
35000,35000,35000,Yes,Yes
35500,35500,35500,Yes,Yes
36000,36000,36000,Yes,Yes
36500,36500,36500,Yes,Yes
37000,37000,37000,Yes,Yes
37500,37500,37500,Yes,Yes
38000,38000,38000,Yes,Yes
38500,38500,38500,Yes,Yes
39000,39000,39000,Yes,Yes
39500,39500,39500,Yes,Yes
40000,40000,40000,Yes,Yes
40500,40500,40500,Yes,Yes
41000,41000,41000,Yes,Yes
41500,41500,41500,Yes,Yes
42000,42000,42000,Yes,Yes
42500,42500,42500,Yes,Yes
43000,43000,43000,Yes,Yes
43500,43500,43500,Yes,Yes
44000,44000,44000,Yes,Yes
44500,44500,44500,Yes,Yes
45000,45000,45000,Yes,Yes
45500,45500,45500,Yes,Yes
46000,46000,46000,Yes,Yes
46500,46500,46500,Yes,Yes
47000,47000,47000,Yes,Yes
47500,47500,47500,Yes,Yes
48000,48000,48000,Yes,Yes
48500,48500,48500,Yes,Yes
49000,49000,49000,Yes,Yes
49500,49500,49500,Yes,Yes
50000,50000,50000,Yes,Yes
50500,50500,50500,Yes,Yes
51000,51000,51000,Yes,Yes
51500,51500,51500,Yes,Yes
52000,52000,52000,Yes,Yes
52500,52500,52500,Yes,Yes
53000,53000,53000,Yes,Yes
53500,53500,53500,Yes,Yes
54000,54000,54000,Yes,Yes
54500,54500,54500,Yes,Yes
55000,55000,55000,Yes,Yes
55500,55500,55500,Yes,Yes
56000,56000,56000,Yes,Yes
56500,56500,56500,Yes,Yes
57000,57000,57000,Yes,Yes
57500,57500,57500,Yes,Yes
58000,58000,58000,Yes,Yes
58500,58500,58500,Yes,Yes
59000,59000,59000,Yes,Yes
59500,59500,59500,Yes,Yes
60000,60000,60000,Yes,Yes
60500,60500,60500,Yes,Yes
61000,61000,61000,Yes,Yes
61500,61500,61500,Yes,Yes
62000,62000,62000,Yes,Yes
62500,62500,62500,Yes,Yes
63000,63000,63000,Yes,Yes
63500,63500,63500,Yes,Yes
64000,64000,64000,Yes,Yes
64500,64500,64500,Yes,Yes
65000,65000,65000,Yes,Yes
65500,65500,65500,Yes,Yes
66000,66000,66000,Yes,Yes
66500,66500,66500,Yes,Yes
67000,67000,67000,Yes,Yes
67500,67500,67500,Yes,Yes
68000,68000,68000,Yes,Yes
68500,68500,68500,Yes,Yes
69000,69000,69000,Yes,Yes
69500,69500,69500,Yes,Yes
70000,70000,70000,Yes,Yes
70500,70500,70500,Yes,Yes
71000,71000,71000,Yes,Yes
71500,71500,71500,Yes,Yes
72000,72000,72000,Yes,Yes
72500,72500,72500,Yes,Yes
73000,73000,73000,Yes,Yes
73500,73500,73500,Yes,Yes
74000,74000,74000,Yes,Yes
74500,74500,74500,Yes,Yes
75000,75000,75000,Yes,Yes
75500,75500,75500,Yes,Yes
76000,76000,76000,Yes,Yes
76500,76500,76500,Yes,Yes
77000,77000,77000,Yes,Yes
77500,77500,77500,Yes,Yes
78000,78000,78000,Yes,Yes
78500,78500,78500,Yes,Yes
79000,79000,79000,Yes,Yes
79500,79500,79500,Yes,Yes
80000,80000,80000,Yes,Yes
80500,80500,80500,Yes,Yes
81000,81000,81000,Yes,Yes
81500,81500,81500,Yes,Yes
82000,82000,82000,Yes,Yes
82500,82500,82500,Yes,Yes
83000,83000,83000,Yes,Yes
83500,83500,83500,Yes,Yes
84000,84000,84000,Yes,Yes
84500,84500,84500,Yes,Yes
85000,85000,85000,Yes,Yes
85500,85500,85500,Yes,Yes
86000,86000,86000,Yes,Yes
86500,86500,86500,Yes,Yes
87000,87000,87000,Yes,Yes
87500,87500,87500,Yes,Yes
88000,88000,88000,Yes,Yes
88500,88500,88500,Yes,Yes
89000,89000,89000,Yes,Yes
89500,89500,89500,Yes,Yes
90000,90000,90000,Yes,Yes
90500,90500,90500,Yes,Yes
91000,91000,91000,Yes,Yes
91500,91500,91500,Yes,Yes
92000,92000,92000,Yes,Yes
92500,92500,92500,Yes,Yes
93000,93000,93000,Yes,Yes
93500,93500,93500,Yes,Yes
94000,94000,94000,Yes,Yes
94500,94500,94500,Yes,Yes
95000,95000,95000,Yes,Yes
95500,95500,95500,Yes,Yes
96000,96000,96000,Yes,Yes
96500,96500,96500,Yes,Yes
97000,97000,97000,Yes,Yes
97500,97500,97500,Yes,Yes
98000,98000,98000,Yes,Yes
98500,98500,98500,Yes,Yes
99000,99000,99000,Yes,Yes
99500,99500,99500,Yes,Yes
100000,100000,100000,Yes,Yes